id,Result
0,D
1,D
4,D
30,D
31,D
32,D
33,D
34,D
36,D
37,D
38,D
43,D
48,D
51,D
52,D
53,D
54,D
56,D
57,D
58,D
60,D
61,D
62,D
63,D
67,D
68,D
75,D
77,D
78,D
79,D
80,D
98,D
100,D
102,D
104,D
109,D
111,D
133,D
134,D
135,D
136,D
138,D
143,D
145,D
146,D
151,D
153,D
155,D
156,D
170,D
175,D
178,D
179,D
181,D
182,D
184,D
185,D
186,D
187,D
188,D
189,D
190,D
191,D
192,D
193,D
195,D
196,D
197,D
198,D
199,D
200,D
201,D
202,D
204,D
206,D
207,D
208,D
209,D
210,D
211,D
212,D
213,D
214,D
216,D
217,D
218,D
219,D
220,D
222,D
223,D
225,D
226,D
248,D
249,D
250,D
253,D
254,D
257,D
258,D
264,D
265,D
269,D
271,D
272,D
273,D
274,D
277,D
280,D
281,D
283,D
285,D
291,D
292,D
295,D
296,D
297,D
298,D
299,D
300,D
301,D
302,D
303,D
304,D
308,D
309,D
310,D
311,D
312,D
315,D
316,D
319,D
320,D
323,D
324,D
326,D
328,D
329,D
330,D
331,D
332,D
333,D
334,D
335,D
336,D
337,D
344,D
347,D
348,D
350,D
352,D
353,D
354,D
355,D
357,D
358,D
359,D
360,D
361,D
363,D
370,D
371,D
374,D
379,D
380,D
381,D
382,D
383,D
384,D
385,D
386,D
387,D
388,D
389,D
391,D
392,D
393,D
394,D
395,D
396,D
397,D
398,D
400,D
401,D
402,D
403,D
404,D
405,D
409,D
411,D
414,D
415,D
416,D
417,D
422,D
423,D
424,D
425,D
426,D
427,D
428,D
429,D
430,D
431,D
433,D
435,D
437,D
440,D
441,D
442,D
447,D
448,D
456,D
458,D
459,D
461,D
462,D
466,D
467,D
469,D
472,D
473,D
477,D
478,D
479,D
482,D
483,D
485,D
486,D
488,D
489,D
490,D
492,D
494,D
495,D
496,D
497,D
498,D
499,D
500,D
501,D
507,D
509,D
514,D
515,D
516,D
518,D
520,D
521,D
522,D
523,D
526,D
528,D
529,D
530,D
531,D
534,D
535,D
539,D
540,D
541,D
542,D
543,D
550,D
551,D
563,D
564,D
565,D
581,D
584,D
586,D
587,D
591,D
592,D
593,D
594,D
595,D
596,D
597,D
598,D
599,D
601,D
605,D
607,D
608,D
609,D
610,D
613,D
616,D
617,D
621,D
622,D
623,D
624,D
625,D
626,D
627,D
634,D
635,D
636,D
637,D
638,D
639,D
640,D
641,D
648,D
649,D
651,D
652,D
654,D
658,D
659,D
663,D
664,D
667,D
668,D
670,D
672,D
678,D
690,D
692,D
693,D
694,D
695,D
696,D
698,D
699,D
701,D
715,D
716,D
717,D
718,D
719,D
720,D
721,D
722,D
724,D
725,D
726,D
727,D
728,D
729,D
731,D
739,D
741,D
746,D
749,D
753,D
756,D
757,D
758,D
759,D
760,D
761,D
779,D
805,D
806,D
807,D
810,D
811,D
813,D
817,D
821,D
823,D
826,D
827,D
828,D
829,D
831,D
832,D
833,D
835,D
836,D
837,D
840,D
841,D
842,D
843,D
844,D
845,D
846,D
848,D
849,D
851,D
854,D
855,D
871,D
872,D
873,D
874,D
875,D
876,D
877,D
880,D
882,D
883,D
884,D
888,D
889,D
891,D
928,D
929,D
930,D
931,D
932,D
933,D
934,D
935,D
936,D
937,D
938,D
939,D
940,D
941,D
942,D
943,D
944,D
947,D
948,D
949,D
950,D
951,D
952,D
954,D
957,D
958,D
961,D
962,D
964,D
965,D
966,D
968,D
970,D
971,D
972,D
973,D
975,D
976,D
977,D
978,D
979,D
980,D
981,D
982,D
983,D
984,D
985,D
986,D
987,D
988,D
992,D
994,D
998,D
999,D
1000,D
1001,D
1002,D
1003,D
1004,D
1005,D
1006,D
1007,D
1008,D
1009,D
1010,D
1011,D
1012,D
1013,D
1014,D
1015,D
1018,D
1019,D
1020,D
1026,D
1027,D
1028,D
1030,D
1033,D
1034,D
1036,D
1037,D
1039,D
1042,D
1043,D
1046,D
1047,D
1048,D
1049,D
1050,D
1051,D
1052,D
1053,D
1058,D
1059,D
1060,D
1062,D
1067,D
1068,D
1073,D
1078,D
1079,D
1082,D
1083,D
1087,D
1088,D
1091,D
1092,D
1094,D
1097,D
1099,D
1101,D
1103,D
1104,D
1108,D
1110,D
1111,D
1114,D
1115,D
1116,D
1119,D
1121,D
1123,D
1126,D
1127,D
1128,D
1153,D
1154,D
1156,D
1157,D
1159,D
1162,D
1163,D
1164,D
1165,D
1166,D
1167,D
1168,D
1169,D
1170,D
1171,D
1174,D
1175,D
1176,D
1177,D
1187,D
1196,D
1197,D
1201,D
1205,D
1206,D
1207,D
1208,D
1209,D
1214,D
1216,D
1219,D
1220,D
1221,D
1222,D
1223,D
1224,D
1225,D
1230,D
1231,D
1232,D
1233,D
1234,D
1235,D
1241,D
1243,D
1244,D
1248,D
1249,D
1250,D
1251,D
1262,D
1263,D
1264,D
1265,D
1279,D
1284,D
1285,D
1286,D
1290,D
1293,D
1294,D
1295,D
1298,D
1299,D
1301,D
1309,D
1313,D
1317,D
1318,D
1319,D
1320,D
1321,D
1322,D
1323,D
1325,D
1326,D
1327,D
1328,D
1330,D
1331,D
1333,D
1334,D
1335,D
1336,D
1337,D
1362,D
1363,D
1364,D
1365,D
1366,D
1383,D
1384,D
1385,D
1387,D
1388,D
1389,D
1394,D
1396,D
1421,D
1422,D
1423,D
1424,D
1425,D
1426,D
1427,D
1428,D
1429,D
1430,D
1431,D
1436,D
1438,D
1439,D
1440,D
1442,D
1454,D
1455,D
1476,D
1477,D
1478,D
1483,D
1484,D
1485,D
1486,D
1489,D
1490,D
1492,D
1493,D
1495,D
1496,D
1502,D
1506,D
1508,D
1509,D
1510,D
1511,D
1512,D
1528,D
1547,D
1548,D
1549,D
1550,D
1551,D
1552,D
1553,D
1554,D
1555,D
1556,D
1557,D
1558,D
1560,D
1571,D
1573,D
1575,D
1576,D
1577,D
1578,D
1579,D
1580,D
1581,D
1583,D
1584,D
1585,D
1590,D
1593,D
1595,D
1596,D
1600,D
1611,D
1612,D
1613,D
1614,D
1615,D
1623,D
1624,D
1625,D
1626,D
1627,D
1628,D
1634,D
1635,D
1636,D
1637,D
1638,D
1639,D
1640,D
1641,D
1643,D
1646,D
1647,D
1658,D
1665,D
1667,D
1678,D
1682,D
1684,D
1685,D
1689,D
1695,D
1697,D
1698,D
1702,D
1713,D
1714,D
1734,D
1735,D
1737,D
1740,D
1741,D
1743,D
1744,D
1745,D
1746,D
1747,D
1748,D
1749,D
1750,D
1751,D
1752,D
1753,D
1754,D
1755,D
1756,D
1757,D
1764,D
1767,D
1770,D
1771,D
1773,D
1774,D
1775,D
1777,D
1784,D
1786,D
1788,D
1789,D
1790,D
1793,D
1795,D
1808,D
1811,D
1813,D
1814,D
1816,D
1817,D
1825,D
1826,D
1827,D
1829,D
1830,D
1831,D
1832,D
1833,D
1834,D
1835,D
1836,D
1859,D
1878,D
1918,D
1919,D
1920,D
1921,D
1922,D
1929,D
1930,D
1931,D
1932,D
1934,D
1935,D
1936,D
1937,D
1938,D
1939,D
1940,D
1941,D
1942,D
1943,D
2010,D
2016,D
2017,D
2019,D
2023,D
2025,D
2031,D
2036,D
2037,D
2038,D
2041,D
2051,D
2056,D
2057,D
2058,D
2059,D
2060,D
2086,D
2087,D
2088,D
2089,D
2090,D
2091,D
2099,D
2100,D
2101,D
2102,D
2104,D
2106,D
2110,D
2111,D
2113,D
2114,D
2116,D
2117,D
2119,D
2124,D
2132,D
2133,D
2144,D
2145,D
2146,D
2151,D
2168,D
2173,D
2174,D
2177,D
2178,D
2181,D
2184,D
2202,D
2203,D
2204,D
2205,D
2206,D
2207,D
2208,D
2209,D
2210,D
2211,D
2212,D
2214,D
2216,D
2222,D
2223,D
2247,D
2248,D
2249,D
2250,D
2251,D
2262,D
2263,D
2267,D
2285,D
2287,D
2290,D
2292,D
2294,D
2295,D
2298,D
2302,D
2306,D
2308,D
2309,D
2310,D
2311,D
2312,D
2313,D
2316,D
2317,D
2318,D
2319,D
2320,D
2321,D
2322,D
2323,D
2324,D
2329,D
2331,D
2332,D
2334,D
2339,D
2340,D
2345,D
2346,D
2347,D
2348,D
2350,D
2351,D
2353,D
2360,D
2361,D
2365,D
2370,D
2372,D
2373,D
2376,D
2377,D
2387,D
2388,D
2389,D
2390,D
2391,D
2393,D
2394,D
2396,D
2397,D
2398,D
2399,D
2400,D
2401,D
2402,D
2403,D
2404,D
2407,D
2408,D
2409,D
2410,D
2411,D
2412,D
2413,D
2414,D
2415,D
2416,D
2417,D
2418,D
2420,D
2429,D
2430,D
2431,D
2435,D
2436,D
2437,D
2438,D
2456,D
2459,D
2461,D
2463,D
2464,D
2467,D
2468,D
2470,D
2472,D
2473,D
2474,D
2475,D
2476,D
2477,D
2478,D
2479,D
2481,D
2482,D
2522,D
2525,D
2526,D
2527,D
2528,D
2530,D
2532,D
2533,D
2535,D
2536,D
2538,D
2539,D
2540,D
2541,D
2542,D
2543,D
2544,D
2545,D
2546,D
2563,D
2564,D
2565,D
2581,D
2582,D
2583,D
2584,D
2586,D
2588,D
2590,D
2595,D
2596,D
2598,D
2600,D
2601,D
2606,D
2607,D
2609,D
2615,D
2616,D
2625,D
2628,D
2636,D
2637,D
2638,D
2639,D
2640,D
2647,D
2648,D
2649,D
2650,D
2652,D
2653,D
2654,D
2655,D
2656,D
2657,D
2660,D
2661,D
2663,D
2664,D
2665,D
2666,D
2683,D
2684,D
2687,D
2688,D
2689,D
2690,D
2699,D
2700,D
2701,D
2702,D
2703,D
2705,D
2706,D
2708,D
2709,D
2710,D
2711,D
2726,D
2727,D
2728,D
2733,D
2734,D
2736,D
2742,D
2744,D
2747,D
2750,D
2755,D
2756,D
2758,D
2759,D
2760,D
2761,D
2762,D
2763,D
2764,D
2765,D
2766,D
2767,D
2768,D
2769,D
2770,D
2772,D
2773,D
2774,D
2776,D
2777,D
2782,D
2783,D
2784,D
2788,D
2789,D
2790,D
2791,D
2814,D
2815,D
2816,D
2818,D
2819,D
2820,D
2821,D
2822,D
2823,D
2824,D
2825,D
2849,D
2850,D
2852,D
2853,D
2856,D
2859,D
2860,D
2893,D
2896,D
2897,D
2898,D
2900,D
2901,D
2902,D
2903,D
2910,D
2911,D
2912,D
2913,D
2914,D
2915,D
2916,D
2917,D
2918,D
2919,D
2920,D
2921,D
2923,D
2939,D
2940,D
2946,D
2949,D
2952,D
2956,D
2961,D
2965,D
2969,D
2972,D
2989,D
2990,D
2991,D
2992,D
2993,D
3017,D
3025,D
3026,D
3027,D
3028,D
3029,D
3032,D
3034,D
3036,D
3037,D
3039,D
3040,D
3041,D
3043,D
3048,D
3049,D
3050,D
3051,D
3052,D
3053,D
3057,D
3058,D
3059,D
3063,D
3064,D
3068,D
3069,D
3070,D
3071,D
3073,D
3074,D
3076,D
3077,D
3078,D
3079,D
3080,D
3081,D
3082,D
3083,D
3084,D
3085,D
3086,D
3087,D
3089,D
3091,D
3092,D
3093,D
3094,D
3095,D
3096,D
3097,D
3098,D
3099,D
3100,D
3101,D
3103,D
3104,D
3105,D
3106,D
3107,D
3111,D
3112,D
3113,D
3124,D
3127,D
3129,D
3130,D
3131,D
3132,D
3135,D
3142,D
3145,D
3152,D
3157,D
3160,D
3169,D
3172,D
3173,D
3175,D
3194,D
3196,D
3197,D
3200,D
3201,D
3208,D
3210,D
3213,D
3214,D
3215,D
3216,D
3217,D
3218,D
3219,D
3220,D
3221,D
3226,D
3237,D
3238,D
3239,D
3241,D
3245,D
3246,D
3247,D
3251,D
3258,D
3260,D
3267,D
3268,D
3269,D
3271,D
3272,D
3275,D
3281,D
3294,D
3295,D
3297,D
3298,D
3299,D
3310,D
3311,D
3312,D
3316,D
3318,D
3324,D
3326,D
3327,D
3328,D
3329,D
3330,D
3331,D
3332,D
3333,D
3334,D
3335,D
3336,D
3337,D
3338,D
3341,D
3342,D
3343,D
3348,D
3349,D
3351,D
3353,D
3370,D
3380,D
3381,D
3382,D
3393,D
3395,D
3397,D
3404,D
3408,D
3414,D
3415,D
3417,D
3427,D
3430,D
3432,D
3433,D
3435,D
3438,D
3440,D
3441,D
3445,D
3449,D
3452,D
3453,D
3454,D
3455,D
3456,D
3467,D
3470,D
3479,D
3481,D
3482,D
3487,D
3491,D
3492,D
3511,D
3516,D
3517,D
3518,D
3521,D
3534,D
3535,D
3536,D
3537,D
3538,D
3541,D
3550,D
3555,D
3557,D
3559,D
3560,D
3562,D
3564,D
3565,D
3566,D
3567,D
3593,D
3594,D
3601,D
3602,D
3603,D
3605,D
3606,D
3609,D
3621,D
3622,D
3623,D
3624,D
3625,D
3627,D
3629,D
3631,D
3642,D
3643,D
3645,D
3648,D
3649,D
3650,D
3651,D
3652,D
3654,D
3656,D
3657,D
3658,D
3660,D
3662,D
3663,D
3676,D
3677,D
3678,D
3679,D
3680,D
3681,D
3682,D
3683,D
3684,D
3686,D
3688,D
3694,D
3707,D
3715,D
3719,D
3720,D
3734,D
3735,D
3736,D
3737,D
3738,D
3739,D
3740,D
3741,D
3742,D
3743,D
3744,D
3761,D
3762,D
3768,D
3773,D
3803,D
3827,D
3829,D
3835,D
3836,D
3837,D
3839,D
3842,D
3843,D
3844,D
3846,D
3847,D
3849,D
3850,D
3852,D
3853,D
3854,D
3855,D
3856,D
3866,D
3868,D
3869,D
3870,D
3871,D
3872,D
3874,D
3875,D
3905,D
3908,D
3910,D
3923,D
3924,D
3925,D
3927,D
3930,D
3932,D
3933,D
3934,D
3935,D
3936,D
3954,D
3956,D
3958,D
3959,D
3962,D
3965,D
3969,D
3970,D
3973,D
3974,D
3975,D
3976,D
3977,D
3978,D
3979,D
4032,D
4035,D
4036,D
4040,D
4042,D
4043,D
4044,D
4052,D
4055,D
4057,D
4058,D
4059,D
4062,D
4070,D
4071,D
4076,D
4077,D
4079,D
4080,D
4081,D
4083,D
4107,D
4108,D
4109,D
4111,D
4112,D
4113,D
4114,D
4115,D
4116,D
4117,D
4125,D
4142,D
4143,D
4144,D
4145,D
4146,D
4147,D
4163,D
4167,D
4168,D
4169,D
4170,D
4171,D
4172,D
4173,D
4198,D
4204,D
4217,D
4231,D
4232,D
4233,D
4234,D
4235,D
4236,D
4237,D
4239,D
4240,D
4241,D
4242,D
4243,D
4245,D
4246,D
4247,D
4248,D
4250,D
4251,D
4253,D
4254,D
4259,D
4262,D
4263,D
4264,D
4265,D
4268,D
4271,D
4272,D
4279,D
4280,D
4281,D
4282,D
4283,D
4284,D
4291,D
4292,D
4293,D
4294,D
4295,D
4296,D
4298,D
4301,D
4302,D
4304,D
4306,D
4310,D
4317,D
4318,D
4319,D
4320,D
4321,D
4322,D
4323,D
4324,D
4325,D
4326,D
4327,D
4328,D
4329,D
4330,D
4331,D
4332,D
4336,D
4360,D
4364,D
4365,D
4367,D
4368,D
4371,D
4375,D
4377,D
4381,D
4382,D
4384,D
4388,D
4391,D
4396,D
4397,D
4402,D
4403,D
4404,D
4405,D
4406,D
4409,D
4410,D
4427,D
4428,D
4429,D
4430,D
4431,D
4432,D
4433,D
4434,D
4439,D
4440,D
4441,D
4442,D
4443,D
4445,D
4446,D
4447,D
4448,D
4453,D
4454,D
4457,D
4458,D
4461,D
4462,D
4467,D
4470,D
4471,D
4473,D
4474,D
4475,D
4476,D
4489,D
4492,D
4493,D
4494,D
4495,D
4496,D
4497,D
4498,D
4499,D
4500,D
4501,D
4502,D
4503,D
4504,D
4505,D
4512,D
4533,D
4534,D
4535,D
4537,D
4538,D
4540,D
4543,D
4552,D
4553,D
4557,D
4558,D
4559,D
4561,D
4562,D
4563,D
4566,D
4570,D
4571,D
4574,D
4575,D
4579,D
4580,D
4581,D
4586,D
4587,D
4588,D
4602,D
4603,D
4604,D
4605,D
4607,D
4608,D
4609,D
4624,D
4625,D
4633,D
4634,D
4635,D
4636,D
4638,D
4639,D
4640,D
4641,D
4645,D
4658,D
4659,D
4660,D
4661,D
4662,D
4663,D
4674,D
4693,D
4694,D
4695,D
4704,D
4705,D
4713,D
4714,D
4716,D
4717,D
4719,D
4722,D
4723,D
4724,D
4725,D
4726,D
4727,D
4728,D
4730,D
4733,D
4734,D
4735,D
4736,D
4738,D
4739,D
4740,D
4741,D
4742,D
4743,D
4744,D
4745,D
4746,D
4747,D
4748,D
4753,D
4754,D
4756,D
4758,D
4759,D
4760,D
4761,D
4763,D
4764,D
4765,D
4766,D
4767,D
4768,D
4769,D
4770,D
4771,D
4772,D
4773,D
4774,D
4775,D
4776,D
4782,D
4786,D
4790,D
4795,D
4796,D
4821,D
4824,D
4825,D
4826,D
4827,D
4832,D
4833,D
4834,D
4835,D
4836,D
4838,D
4840,D
4841,D
4842,D
4843,D
4844,D
4845,D
4846,D
4847,D
4849,D
4850,D
4851,D
4852,D
4853,D
4854,D
4858,D
4859,D
4860,D
4861,D
4862,D
4863,D
4864,D
4875,D
4876,D
4877,D
4878,D
4879,D
4880,D
4881,D
4882,D
4884,D
4888,D
4889,D
4890,D
4906,D
4908,D
4909,D
4918,D
4919,D
4921,D
4922,D
4926,D
4928,D
4930,D
4932,D
4951,D
4952,D
4953,D
4954,D
4955,D
4956,D
4957,D
4958,D
4959,D
4960,D
4961,D
4962,D
4981,D
4984,D
4988,D
4989,D
4990,D
4992,D
5003,D
5016,D
5019,D
5020,D
5022,D
5023,D
5024,D
5025,D
5027,D
5034,D
5035,D
5036,D
5038,D
5039,D
5040,D
5041,D
5055,D
5056,D
5057,D
5058,D
5059,D
5061,D
5063,D
5064,D
5065,D
5066,D
5067,D
5068,D
5069,D
5070,D
5071,D
5073,D
5074,D
5077,D
5078,D
5079,D
5080,D
5081,D
5082,D
5083,D
5084,D
5085,D
5086,D
5087,D
5088,D
5108,D
5111,D
5112,D
5113,D
5114,D
5115,D
5140,D
5142,D
5143,D
5149,D
5151,D
5152,D
5155,D
5156,D
5157,D
5189,D
5200,D
5201,D
5202,D
5208,D
5215,D
5225,D
5226,D
5227,D
5228,D
5230,D
5240,D
5241,D
5242,D
5243,D
5244,D
5245,D
5246,D
5247,D
5248,D
5273,D
5274,D
5275,D
5277,D
5278,D
5279,D
5280,D
5287,D
5289,D
5292,D
5299,D
5301,D
5313,D
5314,D
5315,D
5316,D
5318,D
5319,D
5320,D
5351,D
5354,D
5355,D
5357,D
5358,D
5360,D
5361,D
5364,D
5365,D
5369,D
5371,D
5373,D
5374,D
5376,D
5377,D
5378,D
5379,D
5383,D
5384,D
5387,D
5388,D
5391,D
5392,D
5394,D
5397,D
5398,D
5402,D
5403,D
5404,D
5405,D
5406,D
5407,D
5409,D
5410,D
5411,D
5412,D
5413,D
5414,D
5415,D
5416,D
5417,D
5418,D
5424,D
5430,D
5438,D
5439,D
5441,D
5443,D
5445,D
5447,D
5450,D
5452,D
5455,D
5457,D
5462,D
5465,D
5471,D
5472,D
5474,D
5475,D
5476,D
5479,D
5480,D
5481,D
5483,D
5484,D
5485,D
5487,D
5488,D
5489,D
5490,D
5491,D
5492,D
5493,D
5501,D
5502,D
5503,D
5504,D
5505,D
5506,D
5507,D
5508,D
5509,D
5510,D
5511,D
5513,D
5514,D
5515,D
5516,D
5517,D
5518,D
5521,D
5522,D
5524,D
5525,D
5527,D
5528,D
5530,D
5536,D
5537,D
5540,D
5541,D
5542,D
5543,D
5544,D
5550,D
5551,D
5552,D
5553,D
5556,D
5557,D
5558,D
5559,D
5562,D
5563,D
5566,D
5568,D
5569,D
5570,D
5571,D
5587,D
5588,D
5589,D
5590,D
5595,D
5603,D
5605,D
5607,D
5614,D
5620,D
5634,D
5650,D
5651,D
5652,D
5656,D
5658,D
5661,D
5682,D
5683,D
5684,D
5685,D
5712,D
5713,D
5715,D
5716,D
5726,D
5727,D
5730,D
5733,D
5734,D
5735,D
5736,D
5743,D
5744,D
5780,D
5785,D
5786,D
5798,D
5801,D
5803,D
5806,D
5810,D
5817,D
5820,D
5821,D
5823,D
5825,D
5829,D
5830,D
5831,D
5832,D
5833,D
5834,D
5848,D
5852,D
5857,D
5859,D
5865,D
5866,D
5867,D
5868,D
5869,D
5870,D
5881,D
5882,D
5884,D
5920,D
5926,D
5931,D
5932,D
5936,D
5947,D
5953,D
5968,D
5969,D
5970,D
5971,D
5972,D
5973,D
5974,D
5977,D
5978,D
5982,D
5986,D
5987,D
5988,D
5989,D
5990,D
5991,D
5992,D
5993,D
5994,D
5995,D
5996,D
5997,D
5998,D
5999,D
6000,D
6001,D
6003,D
6005,D
6009,D
6013,D
6014,D
6015,D
6017,D
6018,D
6019,D
6020,D
6034,D
6037,D
6040,D
6041,D
6043,D
6045,D
6050,D
6051,D
6074,D
6077,D
6079,D
6083,D
6084,D
6085,D
6087,D
6088,D
6094,D
6095,D
6096,D
6098,D
6099,D
6101,D
6102,D
6103,D
6104,D
6105,D
6109,D
6116,D
6121,D
6122,D
6123,D
6124,D
6126,D
6129,D
6130,D
6131,D
6149,D
6150,D
6151,D
6152,D
6154,D
6156,D
6157,D
6158,D
6159,D
6210,D
6224,D
6241,D
6249,D
6252,D
6253,D
6254,D
6255,D
6256,D
6257,D
6258,D
6259,D
6260,D
6261,D
6262,D
6263,D
6267,D
6268,D
6269,D
6271,D
6272,D
6273,D
6274,D
6276,D
6277,D
6278,D
6279,D
6280,D
6283,D
6285,D
6291,D
6292,D
6293,D
6294,D
6299,D
6300,D
6301,D
6302,D
6303,D
6304,D
6305,D
6313,D
6314,D
6315,D
6316,D
6317,D
6327,D
6330,D
6336,D
6337,D
6338,D
6341,D
6342,D
6344,D
6346,D
6347,D
6348,D
6349,D
6351,D
6352,D
6354,D
6355,D
6356,D
6357,D
6359,D
6362,D
6382,D
6383,D
6384,D
6385,D
6386,D
6387,D
6388,D
6389,D
6390,D
6392,D
6393,D
6394,D
6395,D
6401,D
6402,D
6404,D
6406,D
6407,D
6423,D
6427,D
6430,D
6431,D
6432,D
6433,D
6434,D
6435,D
6436,D
6437,D
6440,D
6441,D
6442,D
6444,D
6445,D
6448,D
6449,D
6450,D
6451,D
6452,D
6453,D
6454,D
6455,D
6456,D
6457,D
6463,D
6464,D
6465,D
6467,D
6470,D
6471,D
6477,D
6478,D
6479,D
6483,D
6484,D
6485,D
6486,D
6487,D
6488,D
6493,D
6494,D
6495,D
6496,D
6497,D
6498,D
6499,D
6500,D
6501,D
6502,D
6503,D
6504,D
6505,D
6506,D
6526,D
6527,D
6528,D
6529,D
6530,D
6532,D
6535,D
6537,D
6538,D
6539,D
6540,D
6541,D
6542,D
6545,D
6546,D
6547,D
6548,D
6549,D
6550,D
6551,D
6559,D
6560,D
6567,D
6568,D
6569,D
6572,D
6573,D
6580,D
6581,D
6585,D
6586,D
6617,D
6619,D
6620,D
6622,D
6624,D
6627,D
6630,D
6632,D
6633,D
6667,D
6668,D
6669,D
6697,D
6698,D
6700,D
6701,D
6702,D
6703,D
6704,D
6705,D
6706,D
6707,D
6708,D
6721,D
6722,D
6725,D
6726,D
6727,D
6728,D
6729,D
6730,D
6731,D
6732,D
6733,D
6734,D
6735,D
6736,D
6748,D
6749,D
6751,D
6752,D
6753,D
6754,D
6755,D
6759,D
6760,D
6761,D
6769,D
6770,D
6773,D
6777,D
6778,D
6782,D
6783,D
6784,D
6785,D
6786,D
6787,D
6788,D
6789,D
6790,D
6791,D
6792,D
6793,D
6794,D
6795,D
6797,D
6798,D
6800,D
6801,D
6802,D
6803,D
6804,D
6805,D
6806,D
6807,D
6808,D
6809,D
6810,D
6813,D
6829,D
6830,D
6831,D
6832,D
6843,D
6844,D
6845,D
6849,D
6850,D
6851,D
6853,D
6855,D
6856,D
6872,D
6873,D
6874,D
6888,D
6890,D
6891,D
6892,D
6893,D
6894,D
6901,D
6902,D
6903,D
6913,D
6914,D
6915,D
6916,D
6929,D
6930,D
6931,D
6932,D
6935,D
6936,D
6937,D
6946,D
6948,D
6949,D
6952,D
6954,D
6961,D
6962,D
6963,D
6964,D
6965,D
6966,D
6969,D
6970,D
6971,D
6972,D
6977,D
6978,D
6979,D
6980,D
6981,D
6982,D
6983,D
6984,D
6985,D
6987,D
6988,D
6990,D
6991,D
6992,D
7003,D
7025,D
7026,D
7027,D
7029,D
7030,D
7031,D
7032,D
7055,D
7056,D
7058,D
7060,D
7061,D
7062,D
7067,D
7075,D
7076,D
7077,D
7078,D
7079,D
7080,D
7083,D
7086,D
7087,D
7088,D
7089,D
7090,D
7091,D
7092,D
7093,D
7094,D
7095,D
7096,D
7097,D
7099,D
7102,D
7103,D
7104,D
7105,D
7106,D
7112,D
7114,D
7115,D
7116,D
7119,D
7120,D
7121,D
7122,D
7123,D
7134,D
7140,D
7141,D
7144,D
7146,D
7151,D
7152,D
7153,D
7156,D
7158,D
7160,D
7161,D
7162,D
7163,D
7171,D
7172,D
7173,D
7174,D
7175,D
7176,D
7177,D
7180,D
7181,D
7191,D
7192,D
7193,D
7196,D
7198,D
7199,D
7200,D
7201,D
7202,D
7203,D
7204,D
7205,D
7206,D
7209,D
7239,D
7240,D
7241,D
7242,D
7244,D
7245,D
7250,D
7253,D
7254,D
7255,D
7256,D
7257,D
7258,D
7260,D
7264,D
7265,D
7267,D
7268,D
7269,D
7280,D
7284,D
7286,D
7311,D
7312,D
7313,D
7314,D
7315,D
7316,D
7317,D
7318,D
7319,D
7320,D
7321,D
7322,D
7323,D
7324,D
7325,D
7326,D
7333,D
7334,D
7335,D
7336,D
7337,D
7338,D
7339,D
7341,D
7344,D
7345,D
7350,D
7352,D
7353,D
7356,D
7357,D
7358,D
7359,D
7360,D
7361,D
7362,D
7363,D
7367,D
7368,D
7369,D
7370,D
7371,D
7372,D
7373,D
7374,D
7375,D
7376,D
7377,D
7378,D
7379,D
7380,D
7381,D
7382,D
7383,D
7384,D
7385,D
7402,D
7403,D
7404,D
7405,D
7406,D
7407,D
7408,D
7409,D
7411,D
7412,D
7413,D
7415,D
7416,D
7417,D
7418,D
7419,D
7420,D
7421,D
7422,D
7423,D
7424,D
7425,D
7427,D
7428,D
7429,D
7430,D
7436,D
7439,D
7440,D
7442,D
7443,D
7444,D
7445,D
7446,D
7447,D
7449,D
7450,D
7452,D
7453,D
7454,D
7455,D
7456,D
7457,D
7458,D
7459,D
7468,D
7473,D
7475,D
7477,D
7478,D
7479,D
7480,D
7488,D
7489,D
7490,D
7492,D
7494,D
7495,D
7497,D
7500,D
7501,D
7541,D
7542,D
7543,D
7544,D
7545,D
7546,D
7547,D
7548,D
7549,D
7550,D
7551,D
7558,D
7560,D
7562,D
7564,D
7565,D
7567,D
7568,D
7569,D
7570,D
7596,D
7597,D
7598,D
7599,D
7600,D
7601,D
7602,D
7607,D
7609,D
7610,D
7626,D
7627,D
7637,D
7638,D
7641,D
7648,D
7649,D
7668,D
7672,D
7673,D
7674,D
7675,D
7676,D
7677,D
7678,D
7679,D
7680,D
7681,D
7682,D
7683,D
7684,D
7685,D
7686,D
7687,D
7688,D
7689,D
7691,D
7693,D
7695,D
7696,D
7697,D
7698,D
7700,D
7701,D
7702,D
7703,D
7705,D
7706,D
7707,D
7708,D
7709,D
7710,D
7711,D
7735,D
7736,D
7737,D
7738,D
7739,D
7742,D
7743,D
7744,D
7748,D
7750,D
7751,D
7752,D
7759,D
7761,D
7762,D
7763,D
7764,D
7766,D
7774,D
7775,D
7783,D
7785,D
7797,D
7800,D
7807,D
7808,D
7809,D
7810,D
7811,D
7891,D
7892,D
7893,D
7894,D
7895,D
7896,D
7897,D
7898,D
7900,D
7901,D
7927,D
7934,D
7935,D
7939,D
7940,D
7942,D
7944,D
7957,D
7958,D
7959,D
7960,D
7961,D
7962,D
7963,D
7964,D
7965,D
7966,D
7978,D
7979,D
7983,D
7987,D
7990,D
7993,D
7996,D
7997,D
7998,D
7999,D
8002,D
8003,D
8004,D
8005,D
8006,D
8008,D
8009,D
8011,D
8015,D
8020,D
8021,D
8022,D
8026,D
8031,D
8032,D
8033,D
8034,D
8044,D
8045,D
8046,D
8047,D
8048,D
8049,D
8050,D
8051,D
8052,D
8053,D
8054,D
8055,D
8056,D
8057,D
8058,D
8061,D
8062,D
8086,D
8087,D
8088,D
8089,D
8090,D
8091,D
8092,D
8093,D
8111,D
8116,D
8123,D
8126,D
8128,D
8130,D
8131,D
8133,D
8136,D
8143,D
8144,D
8149,D
8154,D
8155,D
8157,D
8163,D
8165,D
8171,D
8183,D
8184,D
8185,D
8186,D
8187,D
8188,D
8189,D
8190,D
8191,D
8192,D
8193,D
8194,D
8195,D
8196,D
8197,D
8198,D
8201,D
8202,D
8203,D
8204,D
8206,D
8207,D
8212,D
8213,D
8214,D
8215,D
8217,D
8218,D
8219,D
8220,D
8221,D
8222,D
8224,D
8235,D
8240,D
8241,D
8244,D
8245,D
8246,D
8257,D
8258,D
8259,D
8272,D
8273,D
8274,D
8280,D
8289,D
8290,D
8295,D
8313,D
8315,D
8316,D
8317,D
8319,D
8320,D
8321,D
8322,D
8323,D
8324,D
8325,D
8326,D
8350,D
8370,D
8371,D
8372,D
8373,D
8374,D
8375,D
8376,D
8383,D
8384,D
8385,D
8419,D
8420,D
8421,D
8425,D
8426,D
8427,D
8428,D
8429,D
8442,D
8443,D
8444,D
8445,D
8447,D
8450,D
8451,D
8453,D
8454,D
8455,D
8458,D
8460,D
8467,D
8469,D
8476,D
8480,D
8482,D
8483,D
8484,D
8485,D
8486,D
8487,D
8488,D
8489,D
8490,D
8491,D
8492,D
8493,D
8494,D
8495,D
8496,D
8497,D
8498,D
8499,D
8500,D
8501,D
8502,D
8503,D
8504,D
8505,D
8513,D
8514,D
8515,D
8516,D
8517,D
8518,D
8523,D
8524,D
8525,D
8526,D
8527,D
8528,D
8534,D
8536,D
8539,D
8540,D
8541,D
8542,D
8543,D
8544,D
8545,D
8546,D
8547,D
8559,D
8560,D
8566,D
8567,D
8568,D
8569,D
8570,D
8571,D
8572,D
8573,D
8574,D
8584,D
8599,D
8600,D
8601,D
8602,D
8605,D
8606,D
8612,D
8617,D
8629,D
8649,D
8650,D
8651,D
8652,D
8653,D
8654,D
8655,D
8658,D
8661,D
8666,D
8668,D
8670,D
8673,D
8676,D
8677,D
8680,D
8687,D
8691,D
8692,D
8693,D
8727,D
8728,D
8731,D
8748,D
8753,D
8754,D
8758,D
8759,D
8763,D
8767,D
8768,D
8773,D
8776,D
8779,D
8782,D
8784,D
8789,D
8790,D
8794,D
8795,D
8799,D
8803,D
8804,D
8806,D
8807,D
8808,D
8809,D
8810,D
8811,D
8812,D
8813,D
8814,D
8815,D
8816,D
8817,D
8819,D
8821,D
8822,D
8823,D
8830,D
8831,D
8835,D
8836,D
8837,D
8839,D
8841,D
8843,D
8844,D
8850,D
8851,D
8861,D
8862,D
8874,D
8875,D
8877,D
8878,D
8880,D
8881,D
8885,D
8888,D
8892,D
8893,D
8894,D
8895,D
8896,D
8897,D
8899,D
8900,D
8901,D
8904,D
8906,D
8909,D
8913,D
8914,D
8915,D
8916,D
8917,D
8918,D
8919,D
8920,D
8923,D
8924,D
8925,D
8927,D
8929,D
8930,D
8932,D
8933,D
8934,D
8935,D
8938,D
8940,D
8960,D
8961,D
8963,D
8964,D
8965,D
8966,D
8967,D
8968,D
8973,D
8974,D
9009,D
9029,D
9036,D
9039,D
9040,D
9043,D
9045,D
9054,D
9056,D
9065,D
9067,D
9068,D
9069,D
9070,D
9071,D
9072,D
9073,D
9074,D
9075,D
9082,D
9083,D
9084,D
9087,D
9089,D
9090,D
9091,D
9093,D
9133,D
9134,D
9135,D
9136,D
9137,D
9138,D
9155,D
9156,D
9158,D
9159,D
9160,D
9166,D
9167,D
9168,D
9169,D
9170,D
9171,D
9213,D
9214,D
9217,D
9223,D
9224,D
9225,D
9226,D
9227,D
9228,D
9229,D
9230,D
9231,D
9232,D
9261,D
9262,D
9263,D
9270,D
9271,D
9272,D
9276,D
9282,D
9283,D
9284,D
9285,D
9292,D
9293,D
9294,D
9295,D
9296,D
9297,D
9298,D
9299,D
9300,D
9301,D
9302,D
9303,D
9304,D
9305,D
9306,D
9307,D
9308,D
9309,D
9325,D
9326,D
9327,D
9328,D
9329,D
9342,D
9344,D
9345,D
9346,D
9350,D
9355,D
9358,D
9362,D
9364,D
9366,D
9367,D
9368,D
9369,D
9380,D
9396,D
9397,D
9398,D
9399,D
9400,D
9401,D
9407,D
9419,D
9420,D
9421,D
9422,D
9425,D
9426,D
9428,D
9429,D
9431,D
9432,D
9433,D
9434,D
9435,D
9436,D
9438,D
9439,D
9440,D
9441,D
9443,D
9446,D
9447,D
9448,D
9475,D
9476,D
9479,D
9482,D
9483,D
9485,D
9489,D
9491,D
9492,D
9493,D
9494,D
9495,D
9498,D
9501,D
9503,D
9504,D
9505,D
9507,D
9511,D
9512,D
9513,D
9514,D
9515,D
9517,D
9518,D
9521,D
9524,D
9528,D
9529,D
9530,D
9531,D
9538,D
9542,D
9554,D
9559,D
9561,D
9562,D
9563,D
9564,D
9565,D
9567,D
9568,D
9569,D
9570,D
9574,D
9577,D
9578,D
9586,D
9595,D
9596,D
9599,D
9602,D
9608,D
9609,D
9610,D
9612,D
9613,D
9615,D
9616,D
9617,D
9618,D
9642,D
9647,D
9650,D
9651,D
9672,D
9677,D
9680,D
9681,D
9682,D
9685,D
9686,D
9687,D
9688,D
9689,D
9690,D
9691,D
9692,D
9748,D
9754,D
9755,D
9756,D
9757,D
9759,D
9779,D
9780,D
9781,D
9782,D
9783,D
9784,D
9785,D
9786,D
9787,D
9788,D
9800,D
9815,D
9816,D
9818,D
9819,D
9821,D
9822,D
9825,D
9836,D
9837,D
9840,D
9845,D
9857,D
9860,D
9861,D
9875,D
9876,D
9877,D
9883,D
9887,D
9889,D
9890,D
9895,D
9896,D
9899,D
9906,D
9907,D
9908,D
9918,D
9919,D
9939,D
9940,D
9941,D
9942,D
9948,D
9950,D
9955,D
9967,D
9968,D
9969,D
9970,D
9974,D
9975,D
9976,D
9977,D
9978,D
10003,D
10004,D
10012,D
10021,D
10022,D
10023,D
10024,D
10025,D
10026,D
10027,D
10028,D
10029,D
10052,D
10053,D
10055,D
10056,D
10057,D
10060,D
10063,D
10066,D
10077,D
10079,D
10091,D
10092,D
10105,D
10106,D
10107,D
10108,D
10109,D
10110,D
10111,D
10113,D
10114,D
10132,D
10157,D
10162,D
10169,D
10171,D
10172,D
10174,D
10197,D
10199,D
10203,D
10208,D
10210,D
10211,D
10213,D
10214,D
10230,D
10235,D
10236,D
10237,D
10240,D
10241,D
10246,D
10247,D
10248,D
10249,D
10250,D
10251,D
10258,D
10260,D
10261,D
10262,D
10263,D
10264,D
10265,D
10271,D
10272,D
10273,D
10277,D
10278,D
10279,D
10280,D
10282,D
10283,D
10284,D
10289,D
10293,D
10294,D
10296,D
10297,D
10298,D
10300,D
10301,D
10303,D
10304,D
10305,D
10306,D
10314,D
10315,D
10325,D
10355,D
10359,D
10360,D
10361,D
10364,D
10365,D
10366,D
10368,D
10370,D
10372,D
10374,D
10377,D
10378,D
10381,D
10382,D
10383,D
10389,D
10390,D
10391,D
10393,D
10394,D
10395,D
10396,D
10397,D
10398,D
10405,D
10414,D
10415,D
10418,D
10420,D
10421,D
10422,D
10424,D
10425,D
10446,D
10447,D
10448,D
10449,D
10462,D
10463,D
10464,D
10465,D
10466,D
10467,D
10501,D
10503,D
10504,D
10505,D
10508,D
10509,D
10510,D
10512,D
10513,D
10520,D
10521,D
10522,D
10523,D
10524,D
10525,D
10526,D
10527,D
10528,D
10529,D
10530,D
10531,D
10533,D
10536,D
10537,D
10538,D
10540,D
10543,D
10546,D
10549,D
10551,D
10552,D
10553,D
10554,D
10557,D
10574,D
10575,D
10576,D
10577,D
10583,D
10584,D
10586,D
10588,D
10589,D
10590,D
10591,D
10592,D
10593,D
10594,D
10595,D
10596,D
10597,D
10598,D
10599,D
10601,D
10602,D
10603,D
10630,D
10631,D
10632,D
10633,D
10634,D
10635,D
10641,D
10660,D
10661,D
10662,D
10663,D
10664,D
10666,D
10668,D
10676,D
10677,D
10678,D
10679,D
10680,D
10681,D
10682,D
10683,D
10690,D
10694,D
10695,D
10696,D
10705,D
10706,D
10707,D
10708,D
10709,D
10711,D
10712,D
10713,D
10714,D
10715,D
10716,D
10717,D
10718,D
10719,D
10720,D
10721,D
10722,D
10723,D
10741,D
10742,D
10743,D
10748,D
10749,D
10757,D
10758,D
10760,D
10767,D
10769,D
10771,D
10789,D
10792,D
10796,D
10799,D
10804,D
10805,D
10806,D
10823,D
10842,D
10843,D
10844,D
10845,D
10846,D
10857,D
10860,D
10861,D
10862,D
10863,D
10865,D
10868,D
10871,D
10875,D
10876,D
10878,D
10884,D
10886,D
10887,D
10888,D
10889,D
10891,D
10893,D
10894,D
10895,D
10896,D
10897,D
10898,D
10899,D
10900,D
10906,D
10907,D
10908,D
10910,D
10911,D
10912,D
10913,D
10914,D
10915,D
10916,D
10917,D
10918,D
10919,D
10920,D
10924,D
10930,D
10934,D
10935,D
10936,D
10937,D
10954,D
10955,D
10956,D
10957,D
10967,D
10968,D
10969,D
10970,D
10971,D
10973,D
10980,D
10982,D
10983,D
10984,D
10995,D
10996,D
10998,D
10999,D
11000,D
11001,D
11003,D
11004,D
11006,D
11007,D
11008,D
11013,D
11014,D
11016,D
11017,D
11018,D
11019,D
11037,D
11039,D
11041,D
11043,D
11044,D
11056,D
11057,D
11060,D
11063,D
11078,D
11079,D
11080,D
11083,D
11089,D
11091,D
11095,D
11096,D
11097,D
11098,D
11099,D
11100,D
11104,D
11105,D
11106,D
11109,D
11110,D
11111,D
11112,D
11113,D
11114,D
11117,D
11119,D
11120,D
11155,D
11158,D
11160,D
11161,D
11165,D
11169,D
11170,D
11171,D
11172,D
11191,D
11194,D
11195,D
11203,D
11211,D
11212,D
11213,D
11214,D
11215,D
11219,D
11220,D
11224,D
11245,D
11252,D
11253,D
11254,D
11255,D
11258,D
11259,D
11261,D
11262,D
11264,D
11278,D
11279,D
11283,D
11284,D
11286,D
11287,D
11288,D
11317,D
11318,D
11319,D
11320,D
11329,D
11334,D
11347,D
11362,D
11369,D
11370,D
11371,D
11374,D
11377,D
11378,D
11379,D
11383,D
11384,D
11385,D
11387,D
11427,D
11437,D
11440,D
11441,D
11443,D
11449,D
11450,D
11451,D
11453,D
11454,D
11459,D
11460,D
11461,D
11473,D
11474,D
11475,D
11479,D
11486,D
11503,D
11504,D
11505,D
11506,D
11507,D
11508,D
11509,D
11510,D
11511,D
11517,D
11523,D
11525,D
11527,D
11528,D
11529,D
11539,D
11541,D
11543,D
11545,D
11550,D
11553,D
11555,D
11556,D
11572,D
11573,D
11574,D
11575,D
11576,D
11577,D
11578,D
11580,D
11581,D
11582,D
11585,D
11586,D
11587,D
11588,D
11589,D
11596,D
11598,D
11607,D
11610,D
11621,D
11626,D
11627,D
11628,D
11629,D
11632,D
11633,D
11634,D
11636,D
11637,D
11649,D
11650,D
11651,D
11652,D
11665,D
11666,D
11667,D
11668,D
11669,D
11670,D
11671,D
11674,D
11675,D
11677,D
11678,D
11679,D
11681,D
11683,D
11684,D
11685,D
11688,D
11695,D
11699,D
11700,D
11702,D
11703,D
11705,D
11706,D
11707,D
11708,D
11709,D
11710,D
11711,D
11712,D
11713,D
11714,D
11715,D
11722,D
11723,D
11724,D
11725,D
11733,D
11738,D
11746,D
11757,D
11760,D
11763,D
11764,D
11765,D
11766,D
11767,D
11768,D
11770,D
11771,D
11784,D
11785,D
11786,D
11787,D
11788,D
11789,D
11790,D
11791,D
11792,D
11805,D
11806,D
11809,D
11811,D
11813,D
11815,D
11816,D
11817,D
11818,D
11819,D
11832,D
11836,D
11839,D
11841,D
11842,D
11845,D
11846,D
11851,D
11852,D
11853,D
11867,D
11869,D
11876,D
11877,D
11899,D
11901,D
11903,D
11905,D
11906,D
11908,D
11909,D
11910,D
11911,D
11912,D
11913,D
11914,D
11915,D
11920,D
11922,D
11923,D
11925,D
11926,D
11933,D
11934,D
11935,D
11936,D
11937,D
11938,D
11939,D
11940,D
11941,D
11942,D
11943,D
11944,D
11946,D
11953,D
11954,D
11956,D
11957,D
11972,D
11973,D
11974,D
11980,D
11981,D
11990,D
11991,D
11992,D
11993,D
12006,D
12012,D
12013,D
12014,D
12015,D
12016,D
12035,D
12040,D
12044,D
12051,D
12054,D
12055,D
12057,D
12058,D
12090,D
12091,D
12092,D
12093,D
12094,D
12095,D
12107,D
12111,D
12112,D
12113,D
12114,D
12116,D
12118,D
12119,D
12120,D
12122,D
12123,D
12124,D
12126,D
12127,D
12128,D
12129,D
12130,D
12131,D
12132,D
12133,D
12134,D
12143,D
12144,D
12145,D
12146,D
12147,D
12148,D
12149,D
12153,D
12155,D
